Name,ref_link
Samsung Galaxy S25 Ultra,/samsung-galaxy-s25-ultra-price-in-india
vivo X200 Pro,/vivo-x200-pro-price-in-india
Xiaomi 14 Ultra,/xiaomi-14-ultra-price-in-india
OnePlus 13,/oneplus-13-price-in-india
vivo X200,/vivo-x200-price-in-india
Samsung Galaxy S25,/samsung-galaxy-s25-price-in-india
Samsung Galaxy S25 Plus,/samsung-galaxy-s25-plus-price-in-india
OPPO Find X8 Pro,/oppo-find-x8-pro-price-in-india
OPPO Find X8,/oppo-find-x8-price-in-india
Apple iPhone 16 Pro Max,/apple-iphone-16-pro-max-price-in-india
iQOO 13 5G,/iqoo-13-5g-price-in-india
OnePlus 13R,/oneplus-13r-price-in-india
realme GT 7 Pro,/realme-gt-7-pro-price-in-india
Samsung Galaxy S24 FE,/samsung-galaxy-s24-fe-price-in-india
vivo V40 Pro,/vivo-v40-pro-price-in-india
Motorola Edge 50 Ultra,/motorola-edge-50-ultra-price-in-india
Infinix Zero Flip,/infinix-zero-flip-price-in-india
OPPO Reno13 Pro,/oppo-reno13-pro-price-in-india
Motorola Razr 50,/motorola-razr-50-price-in-india
POCO X7 Pro,/poco-x7-pro-price-in-india
vivo T3 Ultra,/vivo-t3-ultra-price-in-india
Xiaomi Redmi Note 14 Pro+ 5G,/xiaomi-redmi-note-14-pro-plus-price-in-india
realme 14 Pro Plus,/realme-14-pro-plus-price-in-india
vivo V40e,/vivo-v40e-price-in-india
Motorola Edge 50 Neo,/motorola-edge-50-neo-price-in-india
vivo T3 Pro,/vivo-t3-pro-price-in-india
iQOO Z9s Pro,/iqoo-z9s-pro-price-in-india
POCO X7,/poco-x7-price-in-india
realme 14 Pro,/realme-14-pro-price-in-india
Infinix Hot 50 5G,/infinix-hot-50-price-in-india
POCO M7 Pro,/poco-m7-pro-price-in-india
Infinix Smart 9 HD,/infinix-smart-9-hd-price-in-india
Xiaomi Redmi 14C,/xiaomi-redmi-14c-price-in-india
Itel Zeno 10,/itel-zeno-10-price-in-india
